{"cameraMode":{"drawMode":0,"name":"Shaded","section":"Shading Mode"},"sceneLighting":true,"audioPlay":false,"sceneViewState":{"showFog":true,"showMaterialUpdate":false,"showSkybox":true,"showFlares":true,"showImageEffects":true,"showParticleSystems":true},"in2DMode":false,"pivot":{"x":3.181694984436035,"y":-0.5150068998336792,"z":15.623786926269532},"rotation":{"x":-0.026993989944458009,"y":-0.01349481102079153,"z":0.0003645773103926331,"w":-0.9995444416999817},"size":38.1087532043457,"orthographic":false}